region,date,gene,frequency
Kagera,2011-08-01,pf_mdr1_86Y,0.28
Kagera,2011-08-01,pf_mdr1_184F,0.322
Kigoma,2016-10-01,pf_mdr1_86Y,0.0
Kigoma,2016-10-01,pf_mdr1_184F,0.364
Kigoma,2017-11-01,pf_crt_76T,0.172
Kigoma,2017-11-01,pf_mdr1_86Y,0.049
Kigoma,2017-11-01,pf_mdr1_184F,0.444
Geita,2017-11-01,pf_crt_76T,0.107
Geita,2017-11-01,pf_mdr1_86Y,0.028
Geita,2017-11-01,pf_mdr1_184F,0.388
Mwanza,2011-03-01,pf_crt_76T,0.111
Mwanza,2011-03-01,pf_mdr1_86Y,0.105
Mwanza,2011-08-01,pf_mdr1_86Y,0.229
Mwanza,2011-08-01,pf_mdr1_184F,0.36
Kagera,2021-07-01,pf_k13_561H,0.077042
Kigoma,2021-07-01,pf_k13_561H,0.0
Kagera,2022-09-01,pf_k13_561H,0.225434
