scenario_clean,monthly_tf_median,reduction_pct,asaq_share,reduction_at_least_25pct,reduction_at_least_35pct,private_market
001-basic-ASAQ,27619.611,40.943,1.000,True,True,47%
003-Cycling-1y-AL-ASAQ,36487.139,21.983,0.500,False,False,47%
005-Cycling-1y-ASAQ-AL,36006.472,23.011,0.500,False,False,47%
006-Cycling-1y-ASAQ-DHAPPQ,28444.833,39.179,0.500,True,True,47%
008-Cycling-1y-DHAPPQ-ASAQ,28687.556,38.660,0.500,True,True,47%
017-Cycling-2y-ASAQ-AL,33313.333,28.769,0.667,True,False,47%
018-Cycling-2y-ASAQ-DHAPPQ,27748.139,40.669,0.667,True,True,47%
029-Cycling-3y-ASAQ-AL,36758.500,21.403,0.500,False,False,47%
030-Cycling-3y-ASAQ-DHAPPQ,28325.556,39.434,0.500,True,True,47%
032-Cycling-3y-DHAPPQ-ASAQ,28636.111,38.770,0.500,True,True,47%
041-Cycling-4y-ASAQ-AL,33706.472,27.929,0.667,True,False,47%
042-Cycling-4y-ASAQ-DHAPPQ,27332.222,41.558,0.667,True,True,47%
051-mft-AL25-ASAQ75,31427.556,32.801,0.750,True,False,47%
056-mft-ASAQ75-DHAPPQ25,27438.639,41.330,0.750,True,True,47%
057-mft-AL50-ASAQ50,36071.333,22.872,0.500,False,False,47%
059-mft-ASAQ50-DHAPPQ50,28685.083,38.665,0.500,True,True,47%
062-tact-ASAQ4y-ALAQ,25611.028,45.238,0.667,True,True,47%
077-mft-ASAQ_75-ASPY85_25,27488.944,41.223,0.750,True,True,47%
078-mft-ASAQ_75-ASPY75_25,27620.583,40.941,0.750,True,True,47%
079-mft-ASAQ_75-ASPY65_25,27556.194,41.079,0.750,True,True,47%
080-mft-ASAQ_50-ASPY85_50,27464.028,41.276,0.500,True,True,47%
081-mft-ASAQ_50-ASPY75_50,27614.583,40.954,0.500,True,True,47%
082-mft-ASAQ_50-ASPY65_50,27865.028,40.419,0.500,True,True,47%
093-region-specific-Kagera-ASAQ-Others-ASAQ-Delay-1y,29197.667,37.569,0.875,True,True,47%
094-region-specific-Kagera-ASAQ-Others-ASAQ-Delay-2y,31034.667,33.641,0.751,True,False,47%
095-region-specific-Kagera-DHAPPQ-Others-ASAQ-Delay-0y,30483.556,34.820,0.747,True,False,47%
096-region-specific-Kagera-DHAPPQ-Others-ASAQ-Delay-1y,32133.306,31.292,0.623,True,False,47%
097-region-specific-Kagera-DHAPPQ-Others-ASAQ-Delay-2y,34123.806,27.036,0.498,True,False,47%
098-Delay-ASAQ-1y,30041.278,35.765,0.833,True,True,47%
099-Delay-ASAQ-2y,32616.694,30.259,0.667,True,False,47%
100-Delay-ASAQ-3y,35645.833,23.782,0.500,False,False,47%
001-basic-ASAQ,7365.778,72.860,1.000,True,True,10%
003-Cycling-1y-AL-ASAQ,14305.833,47.289,0.500,True,True,10%
005-Cycling-1y-ASAQ-AL,13558.611,50.042,0.500,True,True,10%
006-Cycling-1y-ASAQ-DHAPPQ,8157.889,69.942,0.500,True,True,10%
008-Cycling-1y-DHAPPQ-ASAQ,8632.472,68.193,0.500,True,True,10%
017-Cycling-2y-ASAQ-AL,11815.556,56.465,0.667,True,True,10%
018-Cycling-2y-ASAQ-DHAPPQ,7233.556,73.347,0.667,True,True,10%
029-Cycling-3y-ASAQ-AL,14363.722,47.076,0.500,True,True,10%
030-Cycling-3y-ASAQ-DHAPPQ,8278.333,69.498,0.500,True,True,10%
032-Cycling-3y-DHAPPQ-ASAQ,8471.639,68.786,0.500,True,True,10%
041-Cycling-4y-ASAQ-AL,11418.222,57.929,0.667,True,True,10%
042-Cycling-4y-ASAQ-DHAPPQ,7069.806,73.951,0.667,True,True,10%
051-mft-AL25-ASAQ75,10204.667,62.400,0.750,True,True,10%
056-mft-ASAQ75-DHAPPQ25,7178.250,73.551,0.750,True,True,10%
057-mft-AL50-ASAQ50,14052.944,48.221,0.500,True,True,10%
059-mft-ASAQ50-DHAPPQ50,8804.917,67.558,0.500,True,True,10%
062-tact-ASAQ4y-ALAQ,6006.778,77.868,0.667,True,True,10%
077-mft-ASAQ_75-ASPY85_25,7158.639,73.624,0.750,True,True,10%
078-mft-ASAQ_75-ASPY75_25,7184.222,73.529,0.750,True,True,10%
079-mft-ASAQ_75-ASPY65_25,7284.722,73.159,0.750,True,True,10%
080-mft-ASAQ_50-ASPY85_50,7094.639,73.859,0.500,True,True,10%
081-mft-ASAQ_50-ASPY75_50,7174.250,73.566,0.500,True,True,10%
082-mft-ASAQ_50-ASPY65_50,7408.278,72.704,0.500,True,True,10%
093-region-specific-Kagera-ASAQ-Others-ASAQ-Delay-1y,8847.139,67.402,0.875,True,True,10%
094-region-specific-Kagera-ASAQ-Others-ASAQ-Delay-2y,10541.750,61.158,0.751,True,True,10%
095-region-specific-Kagera-DHAPPQ-Others-ASAQ-Delay-0y,10693.444,60.599,0.747,True,True,10%
096-region-specific-Kagera-DHAPPQ-Others-ASAQ-Delay-1y,12067.083,55.538,0.623,True,True,10%
097-region-specific-Kagera-DHAPPQ-Others-ASAQ-Delay-2y,13826.694,49.055,0.498,True,True,10%
098-Delay-ASAQ-1y,9428.889,65.259,0.833,True,True,10%
099-Delay-ASAQ-2y,11670.944,56.998,0.667,True,True,10%
100-Delay-ASAQ-3y,14732.639,45.717,0.500,True,True,10%
