Scenario ID,Private market (%),"Monthly treatment failures, median","Monthly treatment failures, 90% interval",Relative change vs. status quo (%)
000-status-quo,47%,"46,768","44,972–49,124",0.0
001-basic-ASAQ,47%,"27,620","26,893–28,289",-40.9
002-basic-DHAPPQ,47%,"39,910","38,318–41,775",-14.7
003-Cycling-1y-AL-ASAQ,47%,"36,487","35,477–37,955",-22.0
004-Cycling-1y-AL-DHAPPQ,47%,"37,752","36,266–39,606",-19.3
005-Cycling-1y-ASAQ-AL,47%,"36,006","34,761–37,686",-23.0
006-Cycling-1y-ASAQ-DHAPPQ,47%,"28,445","27,656–29,479",-39.2
007-Cycling-1y-DHAPPQ-AL,47%,"37,613","36,112–39,144",-19.6
008-Cycling-1y-DHAPPQ-ASAQ,47%,"28,688","27,867–29,606",-38.7
009-Cycling-1y-AL-ASAQ-DHAPPQ,47%,"33,149","32,249–34,381",-29.1
010-Cycling-1y-AL-DHAPPQ-ASAQ,47%,"33,308","32,280–34,478",-28.8
011-Cycling-1y-ASAQ-AL-DHAPPQ,47%,"33,743","32,678–35,350",-27.9
012-Cycling-1y-ASAQ-DHAPPQ-AL,47%,"33,083","32,133–34,321",-29.3
013-Cycling-1y-DHAPPQ-AL-ASAQ,47%,"33,937","32,850–35,624",-27.4
014-Cycling-1y-DHAPPQ-ASAQ-AL,47%,"33,373","32,189–34,547",-28.6
015-Cycling-2y-AL-ASAQ,47%,"39,796","38,637–41,189",-14.9
016-Cycling-2y-AL-DHAPPQ,47%,"40,526","38,669–41,986",-13.3
017-Cycling-2y-ASAQ-AL,47%,"33,313","32,327–34,619",-28.8
018-Cycling-2y-ASAQ-DHAPPQ,47%,"27,748","26,866–28,422",-40.7
019-Cycling-2y-DHAPPQ-AL,47%,"36,728","35,355–38,241",-21.5
020-Cycling-2y-DHAPPQ-ASAQ,47%,"30,379","29,554–31,839",-35.0
021-Cycling-2y-AL-ASAQ-DHAPPQ,47%,"32,642","31,555–33,998",-30.2
022-Cycling-2y-AL-DHAPPQ-ASAQ,47%,"33,019","32,140–34,238",-29.4
023-Cycling-2y-ASAQ-AL-DHAPPQ,47%,"32,997","32,180–34,393",-29.4
024-Cycling-2y-ASAQ-DHAPPQ-AL,47%,"34,208","32,958–35,777",-26.9
025-Cycling-2y-DHAPPQ-AL-ASAQ,47%,"33,748","32,518–34,651",-27.8
026-Cycling-2y-DHAPPQ-ASAQ-AL,47%,"34,017","32,988–35,373",-27.3
028-Cycling-3y-AL-DHAPPQ,47%,"36,945","35,574–38,527",-21.0
029-Cycling-3y-ASAQ-AL,47%,"36,758","35,530–38,267",-21.4
030-Cycling-3y-ASAQ-DHAPPQ,47%,"28,326","27,540–29,442",-39.4
031-Cycling-3y-DHAPPQ-AL,47%,"38,669","37,499–40,801",-17.3
032-Cycling-3y-DHAPPQ-ASAQ,47%,"28,636","27,910–29,452",-38.8
040-Cycling-4y-AL-DHAPPQ,47%,"39,240","37,748–41,248",-16.1
041-Cycling-4y-ASAQ-AL,47%,"33,706","32,721–34,926",-27.9
042-Cycling-4y-ASAQ-DHAPPQ,47%,"27,332","26,584–28,274",-41.6
043-Cycling-4y-DHAPPQ-AL,47%,"37,581","36,006–39,811",-19.6
044-Cycling-4y-DHAPPQ-ASAQ,47%,"30,838","29,535–32,024",-34.1
051-mft-AL25-ASAQ75,47%,"31,428","30,659–32,461",-32.8
052-mft-AL25-DHAPPQ75,47%,"36,970","35,590–39,124",-21.0
053-mft-ASAQ25-DHAPPQ75,47%,"32,804","31,483–34,003",-29.9
054-mft-AL75-ASAQ25,47%,"41,447","39,638–43,145",-11.4
055-mft-AL75-DHAPPQ25,47%,"41,529","40,227–43,168",-11.2
056-mft-ASAQ75-DHAPPQ25,47%,"27,439","26,757–28,193",-41.3
057-mft-AL50-ASAQ50,47%,"36,071","34,921–37,673",-22.9
058-mft-AL50-DHAPPQ50,47%,"37,537","36,373–39,091",-19.7
059-mft-ASAQ50-DHAPPQ50,47%,"28,685","27,574–29,867",-38.7
060-mft-AL-ASAQ-DHAPPQ,47%,"33,358","32,391–34,348",-28.7
061-tact-AL4y-ALAQ,47%,"37,636","35,853–39,731",-19.5
062-tact-ASAQ4y-ALAQ,47%,"25,611","25,008–26,212",-45.2
063-tact-DHAPPQ4y-ALAQ,47%,"29,059","28,031–30,329",-37.9
064-tact-AL2y-ASAQ2y-ALAQ,47%,"31,015","29,807–32,393",-33.7
065-tact-AL2y-DHAPPQ2y-ALAQ,47%,"31,071","30,100–32,658",-33.6
066-tact-ASAQ2y-AL2y-ALAQ,47%,"31,568","30,479–32,861",-32.5
067-tact-ASAQ2y-DHAPPQ2y-ALAQ,47%,"25,808","25,060–26,514",-44.8
068-tact-DHAPPQ2y-AL2y-ALAQ,47%,"32,183","31,113–33,210",-31.2
069-tact-DHAPPQ2y-ASAQ2y-ALAQ,47%,"25,953","25,344–26,616",-44.5
070-tact-ALAQ-immediate,47%,"22,409","21,940–23,267",-52.1
071-mft-AL_75-ASPY85_25,47%,"41,576","40,056–43,428",-11.1
072-mft-AL_75-ASPY75_25,47%,"41,609","39,564–43,523",-11.0
073-mft-AL_75-ASPY65_25,47%,"41,643","39,921–43,813",-11.0
074-mft-AL_50-ASPY85_50,47%,"36,308","35,054–37,937",-22.4
075-mft-AL_50-ASPY75_50,47%,"36,576","35,395–38,399",-21.8
076-mft-AL_50-ASPY65_50,47%,"36,621","35,425–38,371",-21.7
077-mft-ASAQ_75-ASPY85_25,47%,"27,489","26,922–28,106",-41.2
078-mft-ASAQ_75-ASPY75_25,47%,"27,621","26,915–28,347",-40.9
079-mft-ASAQ_75-ASPY65_25,47%,"27,556","26,931–28,675",-41.1
080-mft-ASAQ_50-ASPY85_50,47%,"27,464","26,905–28,221",-41.3
081-mft-ASAQ_50-ASPY75_50,47%,"27,615","27,003–28,300",-41.0
082-mft-ASAQ_50-ASPY65_50,47%,"27,865","27,027–28,614",-40.4
083-mft-AL-DHAPPQ-ASPY85,47%,"33,630","32,537–35,529",-28.1
084-mft-AL-DHAPPQ-ASPY75,47%,"33,439","32,179–34,842",-28.5
085-mft-AL-DHAPPQ-ASPY65,47%,"33,850","32,686–35,281",-27.6
086-mft-ASAQ-DHAPPQ-ASPY85,47%,"27,602","26,984–28,959",-41.0
087-mft-ASAQ-DHAPPQ-ASPY75,47%,"27,740","27,001–28,555",-40.7
088-mft-ASAQ-DHAPPQ-ASPY65,47%,"27,739","27,062–28,724",-40.7
089-mft-AL-ASAQ-DHAPPQ-ASPY85,47%,"31,654","30,701–32,700",-32.3
090-mft-AL-ASAQ-DHAPPQ-ASPY75,47%,"31,669","30,731–33,059",-32.3
091-mft-AL-ASAQ-DHAPPQ-ASPY65,47%,"31,805","30,820–32,886",-32.0
093-region-specific-Kagera-ASAQ-Others-ASAQ-Delay-1y,47%,"29,198","28,529–30,184",-37.6
094-region-specific-Kagera-ASAQ-Others-ASAQ-Delay-2y,47%,"31,035","30,362–32,139",-33.6
095-region-specific-Kagera-DHAPPQ-Others-ASAQ-Delay-0y,47%,"30,484","29,820–31,386",-34.8
096-region-specific-Kagera-DHAPPQ-Others-ASAQ-Delay-1y,47%,"32,133","31,216–33,138",-31.3
097-region-specific-Kagera-DHAPPQ-Others-ASAQ-Delay-2y,47%,"34,124","33,159–35,154",-27.0
098-Delay-ASAQ-1y,47%,"30,041","29,382–31,079",-35.8
099-Delay-ASAQ-2y,47%,"32,617","31,640–33,853",-30.3
100-Delay-ASAQ-3y,47%,"35,646","34,610–37,104",-23.8
101-Delay-ASAQ-4y,47%,"39,229","37,843–41,066",-16.1
000-status-quo,10%,"27,140","22,572–35,862",0.0
001-basic-ASAQ,10%,"7,366","6,754–8,228",-72.9
002-basic-DHAPPQ,10%,"28,693","24,052–32,888",5.7
003-Cycling-1y-AL-ASAQ,10%,"14,306","12,361–16,868",-47.3
004-Cycling-1y-AL-DHAPPQ,10%,"16,739","13,674–20,152",-38.3
005-Cycling-1y-ASAQ-AL,10%,"13,559","11,908–16,635",-50.0
006-Cycling-1y-ASAQ-DHAPPQ,10%,"8,158","7,210–9,147",-69.9
007-Cycling-1y-DHAPPQ-AL,10%,"16,398","14,303–19,715",-39.6
008-Cycling-1y-DHAPPQ-ASAQ,10%,"8,632","7,736–9,647",-68.2
009-Cycling-1y-AL-ASAQ-DHAPPQ,10%,"11,779","10,304–13,352",-56.6
010-Cycling-1y-AL-DHAPPQ-ASAQ,10%,"11,923","10,439–13,814",-56.1
011-Cycling-1y-ASAQ-AL-DHAPPQ,10%,"11,992","10,560–13,863",-55.8
012-Cycling-1y-ASAQ-DHAPPQ-AL,10%,"11,189","9,986–12,868",-58.8
013-Cycling-1y-DHAPPQ-AL-ASAQ,10%,"11,768","10,395–14,122",-56.6
014-Cycling-1y-DHAPPQ-ASAQ-AL,10%,"11,264","9,933–12,612",-58.5
015-Cycling-2y-AL-ASAQ,10%,"17,786","15,160–21,851",-34.5
016-Cycling-2y-AL-DHAPPQ,10%,"18,705","16,073–23,366",-31.1
017-Cycling-2y-ASAQ-AL,10%,"11,816","10,899–13,610",-56.5
018-Cycling-2y-ASAQ-DHAPPQ,10%,"7,234","6,538–7,898",-73.3
019-Cycling-2y-DHAPPQ-AL,10%,"18,345","14,788–21,392",-32.4
020-Cycling-2y-DHAPPQ-ASAQ,10%,"11,564","9,797–12,994",-57.4
021-Cycling-2y-AL-ASAQ-DHAPPQ,10%,"11,841","10,362–14,305",-56.4
022-Cycling-2y-AL-DHAPPQ-ASAQ,10%,"11,750","10,283–14,989",-56.7
023-Cycling-2y-ASAQ-AL-DHAPPQ,10%,"11,853","10,649–13,657",-56.3
024-Cycling-2y-ASAQ-DHAPPQ-AL,10%,"11,934","10,714–13,922",-56.0
025-Cycling-2y-DHAPPQ-AL-ASAQ,10%,"12,218","10,736–14,156",-55.0
026-Cycling-2y-DHAPPQ-ASAQ-AL,10%,"12,021","10,458–14,636",-55.7
028-Cycling-3y-AL-DHAPPQ,10%,"16,761","14,772–20,100",-38.2
029-Cycling-3y-ASAQ-AL,10%,"14,364","12,667–18,502",-47.1
030-Cycling-3y-ASAQ-DHAPPQ,10%,"8,278","7,548–9,281",-69.5
031-Cycling-3y-DHAPPQ-AL,10%,"17,277","15,211–21,002",-36.3
032-Cycling-3y-DHAPPQ-ASAQ,10%,"8,472","7,492–9,800",-68.8
040-Cycling-4y-AL-DHAPPQ,10%,"18,659","16,093–22,481",-31.3
041-Cycling-4y-ASAQ-AL,10%,"11,418","10,489–13,552",-57.9
042-Cycling-4y-ASAQ-DHAPPQ,10%,"7,070","6,527–7,544",-74.0
043-Cycling-4y-DHAPPQ-AL,10%,"18,408","15,039–22,138",-32.2
044-Cycling-4y-DHAPPQ-ASAQ,10%,"12,514","10,348–14,558",-53.9
051-mft-AL25-ASAQ75,10%,"10,205","9,212–11,518",-62.4
052-mft-AL25-DHAPPQ75,10%,"20,394","17,260–23,666",-24.9
053-mft-ASAQ25-DHAPPQ75,10%,"15,211","13,129–17,667",-44.0
054-mft-AL75-ASAQ25,10%,"19,528","17,062–23,377",-28.0
055-mft-AL75-DHAPPQ25,10%,"20,151","16,904–25,797",-25.8
056-mft-ASAQ75-DHAPPQ25,10%,"7,178","6,614–7,753",-73.6
057-mft-AL50-ASAQ50,10%,"14,053","12,488–16,955",-48.2
058-mft-AL50-DHAPPQ50,10%,"17,019","14,499–19,757",-37.3
059-mft-ASAQ50-DHAPPQ50,10%,"8,805","7,773–10,051",-67.6
060-mft-AL-ASAQ-DHAPPQ,10%,"11,652","10,403–13,254",-57.1
061-tact-AL4y-ALAQ,10%,"17,523","14,780–21,680",-35.4
062-tact-ASAQ4y-ALAQ,10%,"6,007","5,551–6,437",-77.9
063-tact-DHAPPQ4y-ALAQ,10%,"10,828","9,504–12,323",-60.1
064-tact-AL2y-ASAQ2y-ALAQ,10%,"10,604","9,164–13,132",-60.9
065-tact-AL2y-DHAPPQ2y-ALAQ,10%,"10,592","9,325–12,437",-61.0
066-tact-ASAQ2y-AL2y-ALAQ,10%,"10,510","9,072–12,922",-61.3
067-tact-ASAQ2y-DHAPPQ2y-ALAQ,10%,"5,867","5,412–6,643",-78.4
068-tact-DHAPPQ2y-AL2y-ALAQ,10%,"10,883","9,622–12,980",-59.9
069-tact-DHAPPQ2y-ASAQ2y-ALAQ,10%,"5,934","5,413–6,511",-78.1
070-tact-ALAQ-immediate,10%,"3,425","3,177–3,791",-87.4
071-mft-AL_75-ASPY85_25,10%,"20,308","17,254–27,069",-25.2
072-mft-AL_75-ASPY75_25,10%,"20,583","17,473–24,964",-24.2
073-mft-AL_75-ASPY65_25,10%,"21,162","17,554–25,773",-22.0
074-mft-AL_50-ASPY85_50,10%,"14,935","13,093–19,172",-45.0
075-mft-AL_50-ASPY75_50,10%,"15,050","12,868–17,899",-44.5
076-mft-AL_50-ASPY65_50,10%,"15,109","13,296–18,127",-44.3
077-mft-ASAQ_75-ASPY85_25,10%,"7,159","6,663–7,632",-73.6
078-mft-ASAQ_75-ASPY75_25,10%,"7,184","6,602–7,972",-73.5
079-mft-ASAQ_75-ASPY65_25,10%,"7,285","6,709–7,953",-73.2
080-mft-ASAQ_50-ASPY85_50,10%,"7,095","6,515–7,738",-73.9
081-mft-ASAQ_50-ASPY75_50,10%,"7,174","6,675–7,886",-73.6
082-mft-ASAQ_50-ASPY65_50,10%,"7,408","6,846–8,221",-72.7
083-mft-AL-DHAPPQ-ASPY85,10%,"11,780","10,382–13,769",-56.6
084-mft-AL-DHAPPQ-ASPY75,10%,"11,943","10,555–14,006",-56.0
085-mft-AL-DHAPPQ-ASPY65,10%,"12,113","10,772–14,048",-55.4
086-mft-ASAQ-DHAPPQ-ASPY85,10%,"7,237","6,602–7,942",-73.3
087-mft-ASAQ-DHAPPQ-ASPY75,10%,"7,345","6,639–8,121",-72.9
088-mft-ASAQ-DHAPPQ-ASPY65,10%,"7,410","6,718–8,009",-72.7
089-mft-AL-ASAQ-DHAPPQ-ASPY85,10%,"10,164","9,070–11,789",-62.6
090-mft-AL-ASAQ-DHAPPQ-ASPY75,10%,"10,192","9,052–11,726",-62.4
091-mft-AL-ASAQ-DHAPPQ-ASPY65,10%,"10,145","9,145–11,922",-62.6
093-region-specific-Kagera-ASAQ-Others-ASAQ-Delay-1y,10%,"8,847","7,982–10,081",-67.4
094-region-specific-Kagera-ASAQ-Others-ASAQ-Delay-2y,10%,"10,542","9,433–12,447",-61.2
095-region-specific-Kagera-DHAPPQ-Others-ASAQ-Delay-0y,10%,"10,693","9,241–12,250",-60.6
096-region-specific-Kagera-DHAPPQ-Others-ASAQ-Delay-1y,10%,"12,067","10,790–14,303",-55.5
097-region-specific-Kagera-DHAPPQ-Others-ASAQ-Delay-2y,10%,"13,827","12,198–16,884",-49.1
098-Delay-ASAQ-1y,10%,"9,429","8,600–10,868",-65.3
099-Delay-ASAQ-2y,10%,"11,671","10,369–13,642",-57.0
100-Delay-ASAQ-3y,10%,"14,733","12,951–17,783",-45.7
101-Delay-ASAQ-4y,10%,"18,371","15,870–25,950",-32.3
