Scenario ID,Private-market share (%),"Monthly treatment failures, median (90% interval)","Reduction vs. status quo, median (90% interval), %"
070-tact-ALAQ-immediate,47%,"22,409 (21,940–23,267)",52.1 (50.3–53.1)
070-tact-ALAQ-immediate,10%,"3,425 (3,177–3,791)",87.4 (86.0–88.3)
067-tact-ASAQ2y-DHAPPQ2y-ALAQ,47%,"25,808 (25,060–26,514)",44.8 (43.3–46.4)
067-tact-ASAQ2y-DHAPPQ2y-ALAQ,10%,"5,867 (5,412–6,643)",78.4 (75.5–80.1)
069-tact-DHAPPQ2y-ASAQ2y-ALAQ,47%,"25,953 (25,344–26,616)",44.5 (43.1–45.8)
069-tact-DHAPPQ2y-ASAQ2y-ALAQ,10%,"5,934 (5,413–6,511)",78.1 (76.0–80.1)
062-tact-ASAQ4y-ALAQ,47%,"25,611 (25,008–26,212)",45.2 (44.0–46.5)
062-tact-ASAQ4y-ALAQ,10%,"6,007 (5,551–6,437)",77.9 (76.3–79.5)
042-Cycling-4y-ASAQ-DHAPPQ,47%,"27,332 (26,584–28,274)",41.6 (39.5–43.2)
042-Cycling-4y-ASAQ-DHAPPQ,10%,"7,070 (6,527–7,544)",74.0 (72.2–75.9)
080-mft-ASAQ_50-ASPY85_50,47%,"27,464 (26,905–28,221)",41.3 (39.7–42.5)
080-mft-ASAQ_50-ASPY85_50,10%,"7,095 (6,515–7,738)",73.9 (71.5–76.0)
077-mft-ASAQ_75-ASPY85_25,47%,"27,489 (26,922–28,106)",41.2 (39.9–42.4)
077-mft-ASAQ_75-ASPY85_25,10%,"7,159 (6,663–7,632)",73.6 (71.9–75.4)
081-mft-ASAQ_50-ASPY75_50,47%,"27,615 (27,003–28,300)",41.0 (39.5–42.3)
081-mft-ASAQ_50-ASPY75_50,10%,"7,174 (6,675–7,886)",73.6 (70.9–75.4)
056-mft-ASAQ75-DHAPPQ25,47%,"27,439 (26,757–28,193)",41.3 (39.7–42.8)
056-mft-ASAQ75-DHAPPQ25,10%,"7,178 (6,614–7,753)",73.6 (71.4–75.6)
078-mft-ASAQ_75-ASPY75_25,47%,"27,621 (26,915–28,347)",40.9 (39.4–42.4)
078-mft-ASAQ_75-ASPY75_25,10%,"7,184 (6,602–7,972)",73.5 (70.6–75.7)
018-Cycling-2y-ASAQ-DHAPPQ,47%,"27,748 (26,866–28,422)",40.7 (39.2–42.6)
018-Cycling-2y-ASAQ-DHAPPQ,10%,"7,234 (6,538–7,898)",73.3 (70.9–75.9)
086-mft-ASAQ-DHAPPQ-ASPY85,47%,"27,602 (26,984–28,959)",41.0 (38.1–42.3)
086-mft-ASAQ-DHAPPQ-ASPY85,10%,"7,237 (6,602–7,942)",73.3 (70.7–75.7)
079-mft-ASAQ_75-ASPY65_25,47%,"27,556 (26,931–28,675)",41.1 (38.7–42.4)
079-mft-ASAQ_75-ASPY65_25,10%,"7,285 (6,709–7,953)",73.2 (70.7–75.3)
087-mft-ASAQ-DHAPPQ-ASPY75,47%,"27,740 (27,001–28,555)",40.7 (38.9–42.3)
087-mft-ASAQ-DHAPPQ-ASPY75,10%,"7,345 (6,639–8,121)",72.9 (70.1–75.5)
001-basic-ASAQ,47%,"27,620 (26,893–28,289)",40.9 (39.5–42.5)
001-basic-ASAQ,10%,"7,366 (6,754–8,228)",72.9 (69.7–75.1)
082-mft-ASAQ_50-ASPY65_50,47%,"27,865 (27,027–28,614)",40.4 (38.8–42.2)
082-mft-ASAQ_50-ASPY65_50,10%,"7,408 (6,846–8,221)",72.7 (69.7–74.8)
088-mft-ASAQ-DHAPPQ-ASPY65,47%,"27,739 (27,062–28,724)",40.7 (38.6–42.1)
088-mft-ASAQ-DHAPPQ-ASPY65,10%,"7,410 (6,718–8,009)",72.7 (70.5–75.2)
006-Cycling-1y-ASAQ-DHAPPQ,47%,"28,445 (27,656–29,479)",39.2 (37.0–40.9)
006-Cycling-1y-ASAQ-DHAPPQ,10%,"8,158 (7,210–9,147)",69.9 (66.3–73.4)
030-Cycling-3y-ASAQ-DHAPPQ,47%,"28,326 (27,540–29,442)",39.4 (37.0–41.1)
030-Cycling-3y-ASAQ-DHAPPQ,10%,"8,278 (7,548–9,281)",69.5 (65.8–72.2)
032-Cycling-3y-DHAPPQ-ASAQ,47%,"28,636 (27,910–29,452)",38.8 (37.0–40.3)
032-Cycling-3y-DHAPPQ-ASAQ,10%,"8,472 (7,492–9,800)",68.8 (63.9–72.4)
008-Cycling-1y-DHAPPQ-ASAQ,47%,"28,688 (27,867–29,606)",38.7 (36.7–40.4)
008-Cycling-1y-DHAPPQ-ASAQ,10%,"8,632 (7,736–9,647)",68.2 (64.5–71.5)
059-mft-ASAQ50-DHAPPQ50,47%,"28,685 (27,574–29,867)",38.7 (36.1–41.0)
059-mft-ASAQ50-DHAPPQ50,10%,"8,805 (7,773–10,051)",67.6 (63.0–71.4)
093-region-specific-Kagera-ASAQ-Others-ASAQ-Delay-1y,47%,"29,198 (28,529–30,184)",37.6 (35.5–39.0)
093-region-specific-Kagera-ASAQ-Others-ASAQ-Delay-1y,10%,"8,847 (7,982–10,081)",67.4 (62.9–70.6)
098-Delay-ASAQ-1y,47%,"30,041 (29,382–31,079)",35.8 (33.5–37.2)
098-Delay-ASAQ-1y,10%,"9,429 (8,600–10,868)",65.3 (60.0–68.3)
091-mft-AL-ASAQ-DHAPPQ-ASPY65,47%,"31,805 (30,820–32,886)",32.0 (29.7–34.1)
091-mft-AL-ASAQ-DHAPPQ-ASPY65,10%,"10,145 (9,145–11,922)",62.6 (56.1–66.3)
089-mft-AL-ASAQ-DHAPPQ-ASPY85,47%,"31,654 (30,701–32,700)",32.3 (30.1–34.4)
089-mft-AL-ASAQ-DHAPPQ-ASPY85,10%,"10,164 (9,070–11,789)",62.6 (56.6–66.6)
090-mft-AL-ASAQ-DHAPPQ-ASPY75,47%,"31,669 (30,731–33,059)",32.3 (29.3–34.3)
090-mft-AL-ASAQ-DHAPPQ-ASPY75,10%,"10,192 (9,052–11,726)",62.4 (56.8–66.6)
051-mft-AL25-ASAQ75,47%,"31,428 (30,659–32,461)",32.8 (30.6–34.4)
051-mft-AL25-ASAQ75,10%,"10,205 (9,212–11,518)",62.4 (57.6–66.1)
066-tact-ASAQ2y-AL2y-ALAQ,47%,"31,568 (30,479–32,861)",32.5 (29.7–34.8)
066-tact-ASAQ2y-AL2y-ALAQ,10%,"10,510 (9,072–12,922)",61.3 (52.4–66.6)
094-region-specific-Kagera-ASAQ-Others-ASAQ-Delay-2y,47%,"31,035 (30,362–32,139)",33.6 (31.3–35.1)
094-region-specific-Kagera-ASAQ-Others-ASAQ-Delay-2y,10%,"10,542 (9,433–12,447)",61.2 (54.1–65.2)
065-tact-AL2y-DHAPPQ2y-ALAQ,47%,"31,071 (30,100–32,658)",33.6 (30.2–35.6)
065-tact-AL2y-DHAPPQ2y-ALAQ,10%,"10,592 (9,325–12,437)",61.0 (54.2–65.6)
064-tact-AL2y-ASAQ2y-ALAQ,47%,"31,015 (29,807–32,393)",33.7 (30.7–36.3)
064-tact-AL2y-ASAQ2y-ALAQ,10%,"10,604 (9,164–13,132)",60.9 (51.6–66.2)
095-region-specific-Kagera-DHAPPQ-Others-ASAQ-Delay-0y,47%,"30,484 (29,820–31,386)",34.8 (32.9–36.2)
095-region-specific-Kagera-DHAPPQ-Others-ASAQ-Delay-0y,10%,"10,693 (9,241–12,250)",60.6 (54.9–66.0)
063-tact-DHAPPQ4y-ALAQ,47%,"29,059 (28,031–30,329)",37.9 (35.2–40.1)
063-tact-DHAPPQ4y-ALAQ,10%,"10,828 (9,504–12,323)",60.1 (54.6–65.0)
068-tact-DHAPPQ2y-AL2y-ALAQ,47%,"32,183 (31,113–33,210)",31.2 (29.0–33.5)
068-tact-DHAPPQ2y-AL2y-ALAQ,10%,"10,883 (9,622–12,980)",59.9 (52.2–64.5)
012-Cycling-1y-ASAQ-DHAPPQ-AL,47%,"33,083 (32,133–34,321)",29.3 (26.6–31.3)
012-Cycling-1y-ASAQ-DHAPPQ-AL,10%,"11,189 (9,986–12,868)",58.8 (52.6–63.2)
014-Cycling-1y-DHAPPQ-ASAQ-AL,47%,"33,373 (32,189–34,547)",28.6 (26.1–31.2)
014-Cycling-1y-DHAPPQ-ASAQ-AL,10%,"11,264 (9,933–12,612)",58.5 (53.5–63.4)
041-Cycling-4y-ASAQ-AL,47%,"33,706 (32,721–34,926)",27.9 (25.3–30.0)
041-Cycling-4y-ASAQ-AL,10%,"11,418 (10,489–13,552)",57.9 (50.1–61.4)
020-Cycling-2y-DHAPPQ-ASAQ,47%,"30,379 (29,554–31,839)",35.0 (31.9–36.8)
020-Cycling-2y-DHAPPQ-ASAQ,10%,"11,564 (9,797–12,994)",57.4 (52.1–63.9)
060-mft-AL-ASAQ-DHAPPQ,47%,"33,358 (32,391–34,348)",28.7 (26.6–30.7)
060-mft-AL-ASAQ-DHAPPQ,10%,"11,652 (10,403–13,254)",57.1 (51.2–61.7)
099-Delay-ASAQ-2y,47%,"32,617 (31,640–33,853)",30.3 (27.6–32.3)
099-Delay-ASAQ-2y,10%,"11,671 (10,369–13,642)",57.0 (49.7–61.8)
022-Cycling-2y-AL-DHAPPQ-ASAQ,47%,"33,019 (32,140–34,238)",29.4 (26.8–31.3)
022-Cycling-2y-AL-DHAPPQ-ASAQ,10%,"11,750 (10,283–14,989)",56.7 (44.8–62.1)
013-Cycling-1y-DHAPPQ-AL-ASAQ,47%,"33,937 (32,850–35,624)",27.4 (23.8–29.8)
013-Cycling-1y-DHAPPQ-AL-ASAQ,10%,"11,768 (10,395–14,122)",56.6 (48.0–61.7)
009-Cycling-1y-AL-ASAQ-DHAPPQ,47%,"33,149 (32,249–34,381)",29.1 (26.5–31.0)
009-Cycling-1y-AL-ASAQ-DHAPPQ,10%,"11,779 (10,304–13,352)",56.6 (50.8–62.0)
083-mft-AL-DHAPPQ-ASPY85,47%,"33,630 (32,537–35,529)",28.1 (24.0–30.4)
083-mft-AL-DHAPPQ-ASPY85,10%,"11,780 (10,382–13,769)",56.6 (49.3–61.7)
017-Cycling-2y-ASAQ-AL,47%,"33,313 (32,327–34,619)",28.8 (26.0–30.9)
017-Cycling-2y-ASAQ-AL,10%,"11,816 (10,899–13,610)",56.5 (49.9–59.8)
021-Cycling-2y-AL-ASAQ-DHAPPQ,47%,"32,642 (31,555–33,998)",30.2 (27.3–32.5)
021-Cycling-2y-AL-ASAQ-DHAPPQ,10%,"11,841 (10,362–14,305)",56.4 (47.3–61.8)
023-Cycling-2y-ASAQ-AL-DHAPPQ,47%,"32,997 (32,180–34,393)",29.4 (26.5–31.2)
023-Cycling-2y-ASAQ-AL-DHAPPQ,10%,"11,853 (10,649–13,657)",56.3 (49.7–60.8)
010-Cycling-1y-AL-DHAPPQ-ASAQ,47%,"33,308 (32,280–34,478)",28.8 (26.3–31.0)
010-Cycling-1y-AL-DHAPPQ-ASAQ,10%,"11,923 (10,439–13,814)",56.1 (49.1–61.5)
024-Cycling-2y-ASAQ-DHAPPQ-AL,47%,"34,208 (32,958–35,777)",26.9 (23.5–29.5)
024-Cycling-2y-ASAQ-DHAPPQ-AL,10%,"11,934 (10,714–13,922)",56.0 (48.7–60.5)
084-mft-AL-DHAPPQ-ASPY75,47%,"33,439 (32,179–34,842)",28.5 (25.5–31.2)
084-mft-AL-DHAPPQ-ASPY75,10%,"11,943 (10,555–14,006)",56.0 (48.4–61.1)
011-Cycling-1y-ASAQ-AL-DHAPPQ,47%,"33,743 (32,678–35,350)",27.9 (24.4–30.1)
011-Cycling-1y-ASAQ-AL-DHAPPQ,10%,"11,992 (10,560–13,863)",55.8 (48.9–61.1)
026-Cycling-2y-DHAPPQ-ASAQ-AL,47%,"34,017 (32,988–35,373)",27.3 (24.4–29.5)
026-Cycling-2y-DHAPPQ-ASAQ-AL,10%,"12,021 (10,458–14,636)",55.7 (46.1–61.5)
096-region-specific-Kagera-DHAPPQ-Others-ASAQ-Delay-1y,47%,"32,133 (31,216–33,138)",31.3 (29.1–33.3)
096-region-specific-Kagera-DHAPPQ-Others-ASAQ-Delay-1y,10%,"12,067 (10,790–14,303)",55.5 (47.3–60.2)
085-mft-AL-DHAPPQ-ASPY65,47%,"33,850 (32,686–35,281)",27.6 (24.6–30.1)
085-mft-AL-DHAPPQ-ASPY65,10%,"12,113 (10,772–14,048)",55.4 (48.2–60.3)
025-Cycling-2y-DHAPPQ-AL-ASAQ,47%,"33,748 (32,518–34,651)",27.8 (25.9–30.5)
025-Cycling-2y-DHAPPQ-AL-ASAQ,10%,"12,218 (10,736–14,156)",55.0 (47.8–60.4)
044-Cycling-4y-DHAPPQ-ASAQ,47%,"30,838 (29,535–32,024)",34.1 (31.5–36.8)
044-Cycling-4y-DHAPPQ-ASAQ,10%,"12,514 (10,348–14,558)",53.9 (46.4–61.9)
005-Cycling-1y-ASAQ-AL,47%,"36,006 (34,761–37,686)",23.0 (19.4–25.7)
005-Cycling-1y-ASAQ-AL,10%,"13,559 (11,908–16,635)",50.0 (38.7–56.1)
097-region-specific-Kagera-DHAPPQ-Others-ASAQ-Delay-2y,47%,"34,124 (33,159–35,154)",27.0 (24.8–29.1)
097-region-specific-Kagera-DHAPPQ-Others-ASAQ-Delay-2y,10%,"13,827 (12,198–16,884)",49.1 (37.8–55.1)
057-mft-AL50-ASAQ50,47%,"36,071 (34,921–37,673)",22.9 (19.4–25.3)
057-mft-AL50-ASAQ50,10%,"14,053 (12,488–16,955)",48.2 (37.5–54.0)
003-Cycling-1y-AL-ASAQ,47%,"36,487 (35,477–37,955)",22.0 (18.8–24.1)
003-Cycling-1y-AL-ASAQ,10%,"14,306 (12,361–16,868)",47.3 (37.8–54.5)
029-Cycling-3y-ASAQ-AL,47%,"36,758 (35,530–38,267)",21.4 (18.2–24.0)
029-Cycling-3y-ASAQ-AL,10%,"14,364 (12,667–18,502)",47.1 (31.8–53.3)
100-Delay-ASAQ-3y,47%,"35,646 (34,610–37,104)",23.8 (20.7–26.0)
100-Delay-ASAQ-3y,10%,"14,733 (12,951–17,783)",45.7 (34.5–52.3)
074-mft-AL_50-ASPY85_50,47%,"36,308 (35,054–37,937)",22.4 (18.9–25.0)
074-mft-AL_50-ASPY85_50,10%,"14,935 (13,093–19,172)",45.0 (29.4–51.8)
075-mft-AL_50-ASPY75_50,47%,"36,576 (35,395–38,399)",21.8 (17.9–24.3)
075-mft-AL_50-ASPY75_50,10%,"15,050 (12,868–17,899)",44.5 (34.1–52.6)
076-mft-AL_50-ASPY65_50,47%,"36,621 (35,425–38,371)",21.7 (18.0–24.3)
076-mft-AL_50-ASPY65_50,10%,"15,109 (13,296–18,127)",44.3 (33.2–51.0)
053-mft-ASAQ25-DHAPPQ75,47%,"32,804 (31,483–34,003)",29.9 (27.3–32.7)
053-mft-ASAQ25-DHAPPQ75,10%,"15,211 (13,129–17,667)",44.0 (34.9–51.6)
007-Cycling-1y-DHAPPQ-AL,47%,"37,613 (36,112–39,144)",19.6 (16.3–22.8)
007-Cycling-1y-DHAPPQ-AL,10%,"16,398 (14,303–19,715)",39.6 (27.4–47.3)
004-Cycling-1y-AL-DHAPPQ,47%,"37,752 (36,266–39,606)",19.3 (15.3–22.5)
004-Cycling-1y-AL-DHAPPQ,10%,"16,739 (13,674–20,152)",38.3 (25.8–49.6)
028-Cycling-3y-AL-DHAPPQ,47%,"36,945 (35,574–38,527)",21.0 (17.6–23.9)
028-Cycling-3y-AL-DHAPPQ,10%,"16,761 (14,772–20,100)",38.2 (25.9–45.6)
058-mft-AL50-DHAPPQ50,47%,"37,537 (36,373–39,091)",19.7 (16.4–22.2)
058-mft-AL50-DHAPPQ50,10%,"17,019 (14,499–19,757)",37.3 (27.2–46.6)
031-Cycling-3y-DHAPPQ-AL,47%,"38,669 (37,499–40,801)",17.3 (12.8–19.8)
031-Cycling-3y-DHAPPQ-AL,10%,"17,277 (15,211–21,002)",36.3 (22.6–44.0)
061-tact-AL4y-ALAQ,47%,"37,636 (35,853–39,731)",19.5 (15.0–23.3)
061-tact-AL4y-ALAQ,10%,"17,523 (14,780–21,680)",35.4 (20.1–45.5)
015-Cycling-2y-AL-ASAQ,47%,"39,796 (38,637–41,189)",14.9 (11.9–17.4)
015-Cycling-2y-AL-ASAQ,10%,"17,786 (15,160–21,851)",34.5 (19.5–44.1)
019-Cycling-2y-DHAPPQ-AL,47%,"36,728 (35,355–38,241)",21.5 (18.2–24.4)
019-Cycling-2y-DHAPPQ-AL,10%,"18,345 (14,788–21,392)",32.4 (21.2–45.5)
101-Delay-ASAQ-4y,47%,"39,229 (37,843–41,066)",16.1 (12.2–19.1)
101-Delay-ASAQ-4y,10%,"18,371 (15,870–25,950)",32.3 (4.4–41.5)
043-Cycling-4y-DHAPPQ-AL,47%,"37,581 (36,006–39,811)",19.6 (14.9–23.0)
043-Cycling-4y-DHAPPQ-AL,10%,"18,408 (15,039–22,138)",32.2 (18.4–44.6)
040-Cycling-4y-AL-DHAPPQ,47%,"39,240 (37,748–41,248)",16.1 (11.8–19.3)
040-Cycling-4y-AL-DHAPPQ,10%,"18,659 (16,093–22,481)",31.3 (17.2–40.7)
016-Cycling-2y-AL-DHAPPQ,47%,"40,526 (38,669–41,986)",13.3 (10.2–17.3)
016-Cycling-2y-AL-DHAPPQ,10%,"18,705 (16,073–23,366)",31.1 (13.9–40.8)
054-mft-AL75-ASAQ25,47%,"41,447 (39,638–43,145)",11.4 (7.7–15.2)
054-mft-AL75-ASAQ25,10%,"19,528 (17,062–23,377)",28.0 (13.9–37.1)
055-mft-AL75-DHAPPQ25,47%,"41,529 (40,227–43,168)",11.2 (7.7–14.0)
055-mft-AL75-DHAPPQ25,10%,"20,151 (16,904–25,797)",25.8 (4.9–37.7)
071-mft-AL_75-ASPY85_25,47%,"41,576 (40,056–43,428)",11.1 (7.1–14.4)
071-mft-AL_75-ASPY85_25,10%,"20,308 (17,254–27,069)",25.2 (0.3–36.4)
052-mft-AL25-DHAPPQ75,47%,"36,970 (35,590–39,124)",21.0 (16.3–23.9)
052-mft-AL25-DHAPPQ75,10%,"20,394 (17,260–23,666)",24.9 (12.8–36.4)
072-mft-AL_75-ASPY75_25,47%,"41,609 (39,564–43,523)",11.0 (6.9–15.4)
072-mft-AL_75-ASPY75_25,10%,"20,583 (17,473–24,964)",24.2 (8.0–35.6)
073-mft-AL_75-ASPY65_25,47%,"41,643 (39,921–43,813)",11.0 (6.3–14.6)
073-mft-AL_75-ASPY65_25,10%,"21,162 (17,554–25,773)",22.0 (5.0–35.3)
000-status-quo,47%,"46,768 (44,972–49,124)",0.0 (-5.0–3.8)
000-status-quo,10%,"27,140 (22,572–35,862)",0.0 (-32.1–16.8)
002-basic-DHAPPQ,47%,"39,910 (38,318–41,775)",14.7 (10.7–18.1)
002-basic-DHAPPQ,10%,"28,693 (24,052–32,888)",-5.7 (-21.2–11.4)
