genotype,location_name,genotype_frequency
pf_crt_76T,Geita,0.10082315816691914
pf_crt_76T,Kagera,0.09439036586200772
pf_crt_76T,Kigoma,0.09099556233342684
pf_crt_76T,Mwanza,0.08667974977790177
pf_k13_561H,Geita,0.044179442086816144
pf_k13_561H,Kagera,0.29183228786002363
pf_k13_561H,Kigoma,0.059476065336296444
pf_k13_561H,Mwanza,0.11160688542399069
pf_mdr1_184F,Geita,0.4521820810393139
pf_mdr1_184F,Kagera,0.5155164106440498
pf_mdr1_184F,Kigoma,0.48836221107462996
pf_mdr1_184F,Mwanza,0.5343268780661898
pf_mdr1_86Y,Geita,0.06969167321780972
pf_mdr1_86Y,Kagera,0.052303161421367504
pf_mdr1_86Y,Kigoma,0.05768112108398133
pf_mdr1_86Y,Mwanza,0.049955760190722544
