districtid,pfpr2to10_db,population,pfpr2to10_atlas,run
1,0.14770607077533332,1418.2047815945716,0.15198171436467597,0
2,0.12772336389816855,2255.2058867810897,0.12877461901168016,0
3,0.07852654820413256,4999.218069873998,0.08070443270270271,0
4,0.13054457737201874,2658.852369380316,0.13171080304611651,0
1,0.1497437854142175,1416.964641645462,0.15198171436467597,1
2,0.12673650338463294,2251.612616681722,0.12877461901168016,1
3,0.07872898497912653,5000.367268041237,0.08070443270270271,1
4,0.12891977453654188,2658.311664641555,0.13171080304611651,1
1,0.14717533363299487,1418.0934584393553,0.15198171436467597,2
2,0.12753504588336914,2254.2908762420957,0.12877461901168016,2
3,0.07787138930065746,5001.546821305842,0.08070443270270271,2
4,0.1280500114576304,2654.748683677602,0.13171080304611651,2
1,0.14938489854424575,1416.085612807464,0.15198171436467597,3
2,0.1273315852331892,2253.4518217404393,0.12877461901168016,3
3,0.07838201704872771,4997.83949026346,0.08070443270270271,3
4,0.12991100116821924,2655.9325637910083,0.13171080304611651,3
1,0.14908796516774211,1418.059107294317,0.15198171436467597,4
2,0.12722076810669813,2252.976588376995,0.12877461901168016,4
3,0.07895993684069222,5004.016466208477,0.08070443270270271,4
4,0.12964826989764527,2658.1012555690563,0.13171080304611651,4
1,0.14729508155519647,1418.071140797286,0.15198171436467597,5
2,0.12786437093243297,2251.8572719060526,0.12877461901168016,5
3,0.07789018059551897,4996.948739977091,0.08070443270270271,5
4,0.1282407478691627,2658.4558525718912,0.13171080304611651,5
1,0.14861310826695023,1417.8419741306193,0.15198171436467597,6
2,0.1271657864855041,2250.6281240590183,0.12877461901168016,6
3,0.0787395746921372,5000.914805269186,0.08070443270270271,6
4,0.12868858910340758,2659.3301944106925,0.13171080304611651,6
1,0.148244364522744,1416.4780534351146,0.15198171436467597,7
2,0.12708517871055688,2252.5786660644385,0.12877461901168016,7
3,0.07903358850463885,4997.926546391753,0.08070443270270271,7
4,0.12846891167000293,2657.5,0.13171080304611651,7
1,0.14869288004351147,1418.6234626802375,0.15198171436467597,8
2,0.12710467862642177,2253.6787865100873,0.12877461901168016,8
3,0.07892632856777539,5003.445446735395,0.08070443270270271,8
4,0.12921977092705747,2657.9564601053057,0.13171080304611651,8
1,0.1482800403219403,1416.5329728583547,0.15198171436467597,9
2,0.12709182761540905,2254.6382113821137,0.12877461901168016,9
3,0.07934027582476984,4999.858820160367,0.08070443270270271,9
4,0.12786214798473536,2657.6147225597406,0.13171080304611651,9
1,0.14892825432522813,1418.0240670059372,0.15198171436467597,10
2,0.12767235339795632,2252.197756699789,0.12877461901168016,10
3,0.07897641639778118,4996.80684421535,0.08070443270270271,10
4,0.128531160656841,2659.1139125151885,0.13171080304611651,10
1,0.1484032971061442,1418.3499257845633,0.15198171436467597,11
2,0.12719261132802917,2253.6796145739236,0.12877461901168016,11
3,0.07907382967120742,4998.122852233677,0.08070443270270271,11
4,0.1299123919838606,2656.764479546375,0.13171080304611651,11
1,0.1483988815316239,1418.2644812221515,0.15198171436467597,12
2,0.12655249945357547,2253.7618940078287,0.12877461901168016,12
3,0.07894150516179177,4997.684994272623,0.08070443270270271,12
4,0.1279273959575061,2658.6228230052657,0.13171080304611651,12
1,0.14820323620435058,1420.2676526717557,0.15198171436467597,13
2,0.12720859263371048,2251.68315266486,0.12877461901168016,13
3,0.07806523235620144,4993.422823596793,0.08070443270270271,13
4,0.128718468305519,2659.2602268124747,0.13171080304611651,13
1,0.14815314606711671,1417.2330364715863,0.15198171436467597,14
2,0.12625087519715947,2252.223577235772,0.12877461901168016,14
3,0.07807054134480824,4994.4670675830475,0.08070443270270271,14
4,0.12945162385948716,2654.6856014580803,0.13171080304611651,14
1,0.14866960883605718,1418.6736641221373,0.15198171436467597,15
2,0.1270287758590044,2249.861638060825,0.12877461901168016,15
3,0.07903549461513541,4995.549828178694,0.08070443270270271,15
4,0.12941504212771862,2655.4575739165657,0.13171080304611651,15
1,0.14657527824681735,1418.6965118744697,0.15198171436467597,16
2,0.12654966536511567,2251.757377295995,0.12877461901168016,16
3,0.0782280592865323,4997.196735395189,0.08070443270270271,16
4,0.12747093985195973,2656.5962940461727,0.13171080304611651,16
1,0.14920806803649703,1417.874098812553,0.15198171436467597,17
2,0.12666680989606063,2252.243450767841,0.12877461901168016,17
3,0.07899257515698344,4998.04753722795,0.08070443270270271,17
4,0.12796660127127224,2656.803969218307,0.13171080304611651,17
1,0.14882207663950728,1417.8349766751485,0.15198171436467597,18
2,0.1270963645003619,2251.134372177055,0.12877461901168016,18
3,0.07889086921633674,4999.382875143185,0.08070443270270271,18
4,0.1282402093345364,2659.0642972863507,0.13171080304611651,18
1,0.14807846864210736,1418.7618214588636,0.15198171436467597,19
2,0.1273324112621125,2253.307211683228,0.12877461901168016,19
3,0.07862570242026354,5003.675544100802,0.08070443270270271,19
4,0.12884840072606224,2658.9834953422437,0.13171080304611651,19
1,0.1473406923336957,1417.7127332485156,0.15198171436467597,20
2,0.12709504241419156,2255.7786811201445,0.12877461901168016,20
3,0.07895329453451684,4997.046105383734,0.08070443270270271,20
4,0.12741075203029714,2658.3406237343056,0.13171080304611651,20
1,0.14785981404959725,1417.1867048346055,0.15198171436467597,21
2,0.12806141571337193,2252.659515206263,0.12877461901168016,21
3,0.0791811321486292,4997.305412371134,0.08070443270270271,21
4,0.12955633078965142,2657.8813284730663,0.13171080304611651,21
1,0.14977600329108198,1418.1824639525023,0.15198171436467597,22
2,0.12582330829320765,2251.293812104788,0.12877461901168016,22
3,0.07901031741024164,4999.952319587629,0.08070443270270271,22
4,0.12773602829753875,2655.9570676387198,0.13171080304611651,22
1,0.14928320535972636,1417.991147158609,0.15198171436467597,23
2,0.1284462886017179,2251.4092893706716,0.12877461901168016,23
3,0.07864090486010357,4992.710910652921,0.08070443270270271,23
4,0.1280735956787326,2656.868266504658,0.13171080304611651,23
1,0.14744902174281002,1417.9449745547074,0.15198171436467597,24
2,0.12745697665474467,2252.6146492020475,0.12877461901168016,24
3,0.07963157997106629,5000.794387170676,0.08070443270270271,24
4,0.12885643189004975,2658.8264479546374,0.13171080304611651,24
1,0.14912827474063536,1417.8700933587947,0.15198171436467597,25
2,0.12667657543996694,2253.0598464317977,0.12877461901168016,25
3,0.0784079448725384,4994.698596792669,0.08070443270270271,25
4,0.12806926694523108,2658.4309437019033,0.13171080304611651,25
1,0.14825994940246548,1417.2847222222224,0.15198171436467597,26
2,0.12832216788096137,2251.690906353508,0.12877461901168016,26
3,0.07954761732456823,4999.458190148912,0.08070443270270271,26
4,0.12904424926198862,2660.257594167679,0.13171080304611651,26
1,0.1477731065233288,1417.069179389313,0.15198171436467597,27
2,0.12739236648949265,2252.2111562782293,0.12877461901168016,27
3,0.0786004511401488,5001.219644902635,0.08070443270270271,27
4,0.12810038889676367,2656.1391251518835,0.13171080304611651,27
1,0.14927093597538896,1417.4348494486853,0.15198171436467597,28
2,0.12753178095473666,2249.707994579946,0.12877461901168016,28
3,0.07863167118328031,4997.970360824742,0.08070443270270271,28
4,0.12720990312348784,2655.840724989874,0.13171080304611651,28
1,0.14716210271899632,1418.8655640373197,0.15198171436467597,29
2,0.1269587717140894,2252.023261065944,0.12877461901168016,29
3,0.07930267527441116,4998.366408934708,0.08070443270270271,29
4,0.12738172092453295,2659.3340421223165,0.13171080304611651,29
1,0.14870474056425953,1418.5628180661577,0.15198171436467597,30
2,0.12749088132688752,2251.7545167118337,0.12877461901168016,30
3,0.07907969580411961,4997.6244272623135,0.08070443270270271,30
4,0.1301577655657873,2657.370392871608,0.13171080304611651,30
1,0.14728807210640377,1417.237171331637,0.15198171436467597,31
2,0.12764520388545153,2253.7031014754593,0.12877461901168016,31
3,0.07923644977560369,4996.535939289805,0.08070443270270271,31
4,0.12891480909549435,2655.4184892669095,0.13171080304611651,31
1,0.14756144188667092,1417.152088634436,0.15198171436467597,32
2,0.12770507607815776,2252.761668172237,0.12877461901168016,32
3,0.07932800456661306,4999.683848797251,0.08070443270270271,32
4,0.12728243608001932,2656.661806399352,0.13171080304611651,32
1,0.14810346633197274,1420.0889525021205,0.15198171436467597,33
2,0.12781785241605167,2252.8479373682626,0.12877461901168016,33
3,0.07809022136210035,4996.311139747996,0.08070443270270271,33
4,0.1292160039296023,2657.6054070473874,0.13171080304611651,33
1,0.1489342054073989,1418.2933906216847,0.15198171436467597,34
2,0.12714195522430696,2254.0525444143327,0.12877461901168016,34
3,0.0793353782879318,5000.891466208477,0.08070443270270271,34
4,0.12886361576429387,2656.886492507088,0.13171080304611651,34
1,0.14680066759245153,1417.6978901611535,0.15198171436467597,35
2,0.1272045076689747,2253.4627371273714,0.12877461901168016,35
3,0.07883020960247362,4998.956901489118,0.08070443270270271,35
4,0.12749117870645513,2657.658464965573,0.13171080304611651,35
1,0.14756622742252992,1418.5805767599659,0.15198171436467597,36
2,0.1270618753426784,2252.758581752484,0.12877461901168016,36
3,0.07846348026066387,4998.044387170676,0.08070443270270271,36
4,0.12924027335731086,2657.535641960308,0.13171080304611651,36
1,0.14759736958481345,1416.0217875318067,0.15198171436467597,37
2,0.12738619068262724,2251.7202649804276,0.12877461901168016,37
3,0.0792287370852069,5000.934851088202,0.08070443270270271,37
4,0.12881116638043633,2658.9149453219925,0.13171080304611651,37
1,0.14857225476799166,1417.8369380831211,0.15198171436467597,38
2,0.1263491813321427,2252.1660644384224,0.12877461901168016,38
3,0.07837862512752328,4997.320733104238,0.08070443270270271,38
4,0.12865897916972005,2658.554576751721,0.13171080304611651,38
1,0.14865752119068057,1416.6070822731128,0.15198171436467597,39
2,0.12794914993047873,2253.3412375790426,0.12877461901168016,39
3,0.07821952452976488,4992.765177548683,0.08070443270270271,39
4,0.12803875163808764,2656.9055285540703,0.13171080304611651,39
1,0.14833296155764228,1418.6440165499682,0.15198171436467597,40
2,0.1272447967562916,2253.6173592291475,0.12877461901168016,40
3,0.07879815312321874,4994.12686139748,0.08070443270270271,40
4,0.12922637084629762,2658.221243418388,0.13171080304611651,40
1,0.14984866186221646,1417.390479219678,0.15198171436467597,41
2,0.12760138308815402,2253.7953929539294,0.12877461901168016,41
3,0.07814675389883052,4996.948739977091,0.08070443270270271,41
4,0.12871493772692558,2652.9603078169303,0.13171080304611651,41
1,0.14887031001973813,1418.8029050042408,0.15198171436467597,42
2,0.12735555135955748,2251.084989461006,0.12877461901168016,42
3,0.07841118578962725,5004.316723940436,0.08070443270270271,42
4,0.12810077808655043,2657.720838396112,0.13171080304611651,42
1,0.14793940429154986,1417.238973706531,0.15198171436467597,43
2,0.12783367610210772,2252.3607347184584,0.12877461901168016,43
3,0.07892275181101878,4999.484679266896,0.08070443270270271,43
4,0.12882316378789718,2658.8005265289594,0.13171080304611651,43
1,0.1472313873775738,1416.505248091603,0.15198171436467597,44
2,0.12758467266249915,2251.1763023185786,0.12877461901168016,44
3,0.07887155217368763,4999.26961626575,0.08070443270270271,44
4,0.12825224261088655,2659.6792223572297,0.13171080304611651,44
1,0.1484538061578571,1418.3954622561491,0.15198171436467597,45
2,0.12676402280631832,2252.7469888587775,0.12877461901168016,45
3,0.07901206735984273,4999.471935853378,0.08070443270270271,45
4,0.12744552264852307,2656.7028149048197,0.13171080304611651,45
1,0.14701554809346734,1418.4896628498727,0.15198171436467597,46
2,0.12849905207071757,2254.285832580548,0.12877461901168016,46
3,0.07879930841599364,4998.783648339061,0.08070443270270271,46
4,0.1288666106264003,2658.960004050223,0.13171080304611651,46
1,0.14791565875140483,1418.7963316369805,0.15198171436467597,47
2,0.12730481654204662,2253.225383920506,0.12877461901168016,47
3,0.07899455095697965,4994.7007445589925,0.08070443270270271,47
4,0.12779290833033932,2659.2278250303766,0.13171080304611651,47
1,0.14766243831673087,1417.629505937235,0.15198171436467597,48
2,0.12713620285287391,2252.2531616982837,0.12877461901168016,48
3,0.07879253333249694,5004.154639175258,0.08070443270270271,48
4,0.1279694080247131,2658.5960915350347,0.13171080304611651,48
1,0.1471527229771428,1417.288486005089,0.15198171436467597,49
2,0.12726614870196717,2253.922839506173,0.12877461901168016,49
3,0.07813196404246885,4997.165378006873,0.08070443270270271,49
4,0.12959852434043564,2658.1646415552855,0.13171080304611651,49
1,0.14836581729673315,1419.6426526717557,0.15198171436467597,50
2,0.12738771114057945,2254.5008280638363,0.12877461901168016,50
3,0.07910151015712691,4998.586340206186,0.08070443270270271,50
4,0.12766167073639828,2656.717699473471,0.13171080304611651,50
1,0.14945977126499432,1416.581689991518,0.15198171436467597,51
2,0.12869039854107805,2251.616230051189,0.12877461901168016,51
3,0.07957557434215629,4997.567869415808,0.08070443270270271,51
4,0.12907404052067148,2657.8663426488456,0.13171080304611651,51
1,0.14705376628679387,1417.4397794741308,0.15198171436467597,52
2,0.12712257466092225,2254.2881662149953,0.12877461901168016,52
3,0.0786120115447405,5001.544959908361,0.08070443270270271,52
4,0.13023411384282263,2659.45382746051,0.13171080304611651,52
1,0.14829475319613988,1418.1304071246818,0.15198171436467597,53
2,0.12730292499710866,2254.6334688346883,0.12877461901168016,53
3,0.0789019613247419,4997.631729667812,0.08070443270270271,53
4,0.12722244691292217,2657.65127582017,0.13171080304611651,53
1,0.14756143314022402,1417.7435856658185,0.15198171436467597,54
2,0.12779950675804935,2252.905751279735,0.12877461901168016,54
3,0.0786560587743327,4999.4110824742265,0.08070443270270271,54
4,0.12942509095876648,2660.1875253138924,0.13171080304611651,54
1,0.1477987344846969,1418.9046331636982,0.15198171436467597,55
2,0.12691949607938519,2253.8161698283648,0.12877461901168016,55
3,0.07887178613068155,4997.11469072165,0.08070443270270271,55
4,0.12884079831019846,2658.1782098015387,0.13171080304611651,55
1,0.14870991015269996,1417.8301526717557,0.15198171436467597,56
2,0.12748146934556273,2252.698283649503,0.12877461901168016,56
3,0.07881718811166592,4995.62313860252,0.08070443270270271,56
4,0.1278439945195158,2657.34224382341,0.13171080304611651,56
1,0.14760282413357895,1418.1940203562342,0.15198171436467597,57
2,0.1278675063860236,2250.7110057211685,0.12877461901168016,57
3,0.0794167178370629,4999.123997709049,0.08070443270270271,57
4,0.1288191667038705,2658.7222559740785,0.13171080304611651,57
1,0.1484143184910327,1416.7868956743002,0.15198171436467597,58
2,0.12658143461161758,2253.256850346281,0.12877461901168016,58
3,0.07888212475294765,5000.848654066437,0.08070443270270271,58
4,0.12721506047220474,2657.29617253949,0.13171080304611651,58
1,0.14823224632316562,1415.9247773536895,0.15198171436467597,59
2,0.12770980151263284,2253.79012345679,0.12877461901168016,59
3,0.07906017657087143,4998.792382588774,0.08070443270270271,59
4,0.12986426698371883,2656.192790603483,0.13171080304611651,59
1,0.14727351475276942,1417.2583227311281,0.15198171436467597,60
2,0.12734971255428348,2252.6857874134294,0.12877461901168016,60
3,0.0783896772910039,4998.622852233677,0.08070443270270271,60
4,0.12694774445419968,2656.6137100040505,0.13171080304611651,60
1,0.14927196328949854,1418.1908396946565,0.15198171436467597,61
2,0.1260639965018963,2252.1443089430895,0.12877461901168016,61
3,0.07853651601615493,4991.178264604811,0.08070443270270271,61
4,0.129380456894432,2656.3146010530577,0.13171080304611651,61
1,0.14785551546534456,1416.1530958439355,0.15198171436467597,62
2,0.12734636884124095,2251.997892201144,0.12877461901168016,62
3,0.07969303847881495,4997.57832187858,0.08070443270270271,62
4,0.13028324178801085,2657.397428108546,0.13171080304611651,62
1,0.14862658373777313,1417.9403095843934,0.15198171436467597,63
2,0.12744380721356485,2255.1508581752482,0.12877461901168016,63
3,0.0784433454226351,4995.834335624284,0.08070443270270271,63
4,0.1296202345530066,2657.043033616849,0.13171080304611651,63
1,0.14807511349285246,1418.7682888040713,0.15198171436467597,64
2,0.12721669000598562,2254.829117735622,0.12877461901168016,64
3,0.07882923760080496,4994.163516609393,0.08070443270270271,64
4,0.1276956916486408,2659.6721344673956,0.13171080304611651,64
1,0.14825125145202822,1418.0276187446989,0.15198171436467597,65
2,0.12713084344131662,2252.224028906956,0.12877461901168016,65
3,0.07898066851346669,4999.339776632302,0.08070443270270271,65
4,0.12821838857857512,2660.229748886189,0.13171080304611651,65
1,0.14769809814418713,1418.2286895674301,0.15198171436467597,66
2,0.1275733609603554,2251.2728093947608,0.12877461901168016,66
3,0.07859994424924246,4994.256300114547,0.08070443270270271,66
4,0.12880087728353168,2659.085257189145,0.13171080304611651,66
1,0.14752210409684668,1416.6870229007634,0.15198171436467597,67
2,0.12648646652157003,2252.2952423968686,0.12877461901168016,67
3,0.07917861491580985,4999.143900343643,0.08070443270270271,67
4,0.1278166303095252,2658.553260429324,0.13171080304611651,67
1,0.1465334994826303,1418.8730916030534,0.15198171436467597,68
2,0.1268957692067285,2251.292080698585,0.12877461901168016,68
3,0.07872891426301401,4998.381300114547,0.08070443270270271,68
4,0.12775309151725606,2656.534528149048,0.13171080304611651,68
1,0.14841611467265536,1417.3049724342661,0.15198171436467597,69
2,0.1269390037195939,2253.9006323396566,0.12877461901168016,69
3,0.0785582938714536,4996.926546391753,0.08070443270270271,69
4,0.12800526226314818,2657.8209801539083,0.13171080304611651,69
1,0.1480013800213118,1418.9465118744697,0.15198171436467597,70
2,0.12748026345208321,2252.6670430593194,0.12877461901168016,70
3,0.07830282696447355,4993.479095074456,0.08070443270270271,70
4,0.12920408873152625,2657.45170109356,0.13171080304611651,70
1,0.14749240192113794,1417.0654686174723,0.15198171436467597,71
2,0.1274111305147717,2250.7584311954233,0.12877461901168016,71
3,0.07965731921091636,4996.752290950745,0.08070443270270271,71
4,0.12888835528864442,2658.1486431753747,0.13171080304611651,71
1,0.14636306568828852,1418.2202608142493,0.15198171436467597,72
2,0.12743071098862538,2251.247064137308,0.12877461901168016,72
3,0.0786644499737612,4996.801546391753,0.08070443270270271,72
4,0.1281293066360162,2656.6469218307006,0.13171080304611651,72
1,0.14739821484999538,1418.3925466497033,0.15198171436467597,73
2,0.12706475273305004,2253.3322041553747,0.12877461901168016,73
3,0.07922951025202832,4994.870274914089,0.08070443270270271,73
4,0.12946222370217475,2659.011036857027,0.13171080304611651,73
1,0.14823108400903576,1417.9437553011028,0.15198171436467597,74
2,0.12692878117990927,2253.790575127973,0.12877461901168016,74
3,0.07848168281187014,5001.694301260023,0.08070443270270271,74
4,0.1278767356539064,2657.1092547590115,0.13171080304611651,74
1,0.14807347132074392,1417.655004240882,0.15198171436467597,75
2,0.12643051054327983,2254.2078440228847,0.12877461901168016,75
3,0.07853738763512794,4999.167382588774,0.08070443270270271,75
4,0.1276789390523423,2654.6072296476304,0.13171080304611651,75
1,0.14928385137158,1418.051155640373,0.15198171436467597,76
2,0.12721860218196454,2252.274992472147,0.12877461901168016,76
3,0.078986279128407,4998.87872279496,0.08070443270270271,76
4,0.1285509180393879,2658.2894896719317,0.13171080304611651,76
1,0.14892006837019717,1418.6261132315522,0.15198171436467597,77
2,0.1275224622374926,2252.9448208370973,0.12877461901168016,77
3,0.07895367797922895,4997.658218785797,0.08070443270270271,77
4,0.12864576143709217,2660.8026528959094,0.13171080304611651,77
1,0.1482009018094823,1417.2137934690415,0.15198171436467597,78
2,0.1259407537929168,2253.116907557964,0.12877461901168016,78
3,0.07898957628401856,4996.118986254295,0.08070443270270271,78
4,0.12847530565057097,2657.527237748076,0.13171080304611651,78
1,0.14785889305220473,1416.662955894826,0.15198171436467597,79
2,0.1267097211599002,2253.67381812707,0.12877461901168016,79
3,0.0787955321718468,4997.304839633448,0.08070443270270271,79
4,0.1280584601216594,2658.2913122721748,0.13171080304611651,79
1,0.1470856207925248,1417.8226781170483,0.15198171436467597,80
2,0.12675202280325013,2253.2730352303524,0.12877461901168016,80
3,0.07924753348282038,4998.045819014891,0.08070443270270271,80
4,0.12852736081705673,2656.5500202511134,0.13171080304611651,80
1,0.1484136697884763,1418.0466497031384,0.15198171436467597,81
2,0.12766409718039656,2253.4842667871126,0.12877461901168016,81
3,0.07856933382586843,4997.625,0.08070443270270271,81
4,0.12807721044112072,2660.6008505467803,0.13171080304611651,81
1,0.14717153281975515,1417.3502968617472,0.15198171436467597,82
2,0.12705448077282452,2253.4492622704006,0.12877461901168016,82
3,0.07892781299776103,4997.904209621993,0.08070443270270271,82
4,0.12842607750775042,2658.8338396111785,0.13171080304611651,82
1,0.14933745629828082,1417.0331318914334,0.15198171436467597,83
2,0.12710593160260011,2253.445799457995,0.12877461901168016,83
3,0.07844318770647069,4999.7525773195875,0.08070443270270271,83
4,0.12837775393803583,2658.818347509113,0.13171080304611651,83
1,0.14797617091541554,1417.483354537744,0.15198171436467597,84
2,0.1268400882317088,2252.40108401084,0.12877461901168016,84
3,0.07802927481744992,4995.875715922108,0.08070443270270271,84
4,0.12955726681415214,2657.9053260429328,0.13171080304611651,84
1,0.14711994090730246,1418.238655640373,0.15198171436467597,85
2,0.12755805271162235,2253.041854862993,0.12877461901168016,85
3,0.07833279392707236,4993.128293241695,0.08070443270270271,85
4,0.12795416994516576,2658.526933981369,0.13171080304611651,85
1,0.14733349312910554,1416.866465224767,0.15198171436467597,86
2,0.12749759673695457,2252.1254893104483,0.12877461901168016,86
3,0.07858118924727454,4998.5492554410075,0.08070443270270271,86
4,0.12890110089677945,2654.6738558120696,0.13171080304611651,86
1,0.14826180653894244,1418.422020780322,0.15198171436467597,87
2,0.1280525571147119,2251.6203703703704,0.12877461901168016,87
3,0.07893883084318655,4997.400773195876,0.08070443270270271,87
4,0.1278920094418832,2660.908161198866,0.13171080304611651,87
1,0.14872318042377225,1417.538804071247,0.15198171436467597,88
2,0.1276791035630497,2252.4898373983738,0.12877461901168016,88
3,0.07878885075175752,4994.905068728523,0.08070443270270271,88
4,0.1276687762781497,2656.343863912515,0.13171080304611651,88
1,0.14697926791629298,1416.5608036471588,0.15198171436467597,89
2,0.1267360714614037,2252.928033724782,0.12877461901168016,89
3,0.07864181507439598,4996.842497136312,0.08070443270270271,89
4,0.12919561995755657,2657.1524908869987,0.13171080304611651,89
1,0.14848348782902232,1417.1918469041561,0.15198171436467597,90
2,0.1273326406863644,2254.12300511894,0.12877461901168016,90
3,0.07828968004405622,4998.18470790378,0.08070443270270271,90
4,0.12923247804765492,2655.686614013771,0.13171080304611651,90
1,0.14894191966454357,1419.9086089906702,0.15198171436467597,91
2,0.12622279122440402,2256.3011141222523,0.12877461901168016,91
3,0.07796722824871029,5002.48611111111,0.08070443270270271,91
4,0.12927530610160518,2659.4624341838803,0.13171080304611651,91
1,0.1483551814361348,1418.9896098388465,0.15198171436467597,92
2,0.12699153953924341,2252.5686540198735,0.12877461901168016,92
3,0.07875566334426853,5000.788659793814,0.08070443270270271,92
4,0.1276703419716947,2655.1305184285134,0.13171080304611651,92
1,0.14699701869017504,1418.2945292620866,0.15198171436467597,93
2,0.12755352683497578,2253.0958295694068,0.12877461901168016,93
3,0.07888939378173912,5001.025343642612,0.08070443270270271,93
4,0.12765656263189826,2657.5148845686513,0.13171080304611651,93
1,0.14850670590722226,1419.246183206107,0.15198171436467597,94
2,0.12806434794431673,2253.5301114122253,0.12877461901168016,94
3,0.07933785711556855,4996.993986254295,0.08070443270270271,94
4,0.1289688581152919,2658.4662818955044,0.13171080304611651,94
1,0.14772715820043958,1418.452820186599,0.15198171436467597,95
2,0.12763911668209588,2251.7661848840708,0.12877461901168016,95
3,0.07856747322773232,5002.716924398625,0.08070443270270271,95
4,0.12725866716823472,2657.017618469016,0.13171080304611651,95
1,0.14905821242537584,1417.9118426632738,0.15198171436467597,96
2,0.12811001803604324,2253.310373381512,0.12877461901168016,96
3,0.07889014115401576,4994.83676975945,0.08070443270270271,96
4,0.12866712130064747,2655.294957472661,0.13171080304611651,96
1,0.14836443789936166,1417.994062765055,0.15198171436467597,97
2,0.1273334985886116,2256.221770551039,0.12877461901168016,97
3,0.07835404576631307,4997.01403207331,0.08070443270270271,97
4,0.1290077063660463,2658.447549615229,0.13171080304611651,97
1,0.14869279663686438,1419.3073579304494,0.15198171436467597,98
2,0.1278214761874821,2253.6616982836495,0.12877461901168016,98
3,0.0783060576928504,5003.679410080183,0.08070443270270271,98
4,0.12951026772796995,2658.4257796678817,0.13171080304611651,98
1,0.14708621033792182,1416.7470313825277,0.15198171436467597,99
2,0.1278664252473076,2251.8968684131287,0.12877461901168016,99
3,0.07795630182942564,4996.29109392898,0.08070443270270271,99
4,0.12861003185224,2659.249189955448,0.13171080304611651,99
