Year,Month,mRDT_Tests_G5,Positive_G5
2017,1,78458,43238.0
2018,1,65337,24714.0
2019,1,62385,18877.0
2020,1,76567,25060.0
2021,1,47949,13283.0
2022,1,48610,16884.0
2023,1,55077,17645.0
2017,2,64564,30730.0
2018,2,70952,23452.0
2019,2,64113,20185.0
2020,2,75986,23214.0
2021,2,41129,11417.0
2022,2,36814,12992.0
2023,2,53116,16793.0
2017,3,65925,23693.0
2018,3,72567,22041.0
2019,3,70122,21424.0
2020,3,67058,20667.0
2021,3,43242,12883.0
2022,3,43181,12425.0
2023,3,51057,16937.0
2017,4,58324,22868.0
2018,4,64767,16397.0
2019,4,56648,18137.0
2020,4,46382,16362.0
2021,4,39157,11450.0
2022,4,38860,11089.0
2023,4,43144,12434.0
2017,5,79019,38977.0
2018,5,73866,23466.0
2019,5,58955,21272.0
2020,5,49786,18502.0
2021,5,40076,11227.0
2022,5,45011,12699.0
2023,5,58874,19260.0
2017,6,82393,45056.0
2018,6,79373,33320.0
2019,6,76925,32716.0
2020,6,51990,20946.0
2021,6,44848,12894.0
2022,6,49795,13122.0
2023,6,55445,22381.0
2017,7,65264,31329.0
2018,7,75464,28212.0
2019,7,90326,44290.0
2020,7,51679,19082.0
2021,7,50552,13703.0
2022,7,41938,10609.0
2023,7,49829,17254.0
2017,8,46527,15000.0
2018,8,62722,19231.0
2019,8,64037,22862.0
2020,8,44433,15114.0
2021,8,38450,9877.0
2022,8,37793,8060.0
2023,8,45518,12523.0
2017,9,36281,10508.0
2018,9,50582,14505.0
2019,9,55230,17952.0
2020,9,41510,12596.0
2021,9,32542,7940.0
2022,9,33812,7140.0
2023,9,38768,9317.0
2017,10,53997,17922.0
2018,10,60415,16561.0
2019,10,59444,19654.0
2020,10,40850,12246.0
2021,10,35348,9762.0
2022,10,37101,8494.0
2023,10,43123,10702.0
2017,11,56554,22457.0
2018,11,52217,16320.0
2019,11,59403,18638.0
2020,11,43054,13351.0
2021,11,39424,13620.0
2022,11,35625,10303.0
2023,11,42981,11608.0
2017,12,55915,24165.0
2018,12,51802,17373.0
2019,12,56432,19218.0
2020,12,42885,13286.0
2021,12,46219,15033.0
2022,12,38942,13270.0
2023,12,38378,11157.0
