Year,Month,mRDT_Tests_U5,Positive_U5
2017,1,59918,37525.0
2018,1,50257,23226.0
2019,1,48836,18668.0
2020,1,63696,24770.0
2021,1,28883,9615.0
2022,1,34722,15264.0
2023,1,48617,19465.0
2017,2,47360,25951.0
2018,2,52115,20028.0
2019,2,54982,21183.0
2020,2,66670,22837.0
2021,2,32057,8875.0
2022,2,32126,12892.0
2023,2,50688,17974.0
2017,3,52950,20918.0
2018,3,52027,18818.0
2019,3,58389,21523.0
2020,3,60260,19861.0
2021,3,34093,9468.0
2022,3,39014,12587.0
2023,3,50402,17794.0
2017,4,49302,20488.0
2018,4,45456,13197.0
2019,4,51267,20536.0
2020,4,39619,16227.0
2021,4,28392,8320.0
2022,4,40346,12216.0
2023,4,46117,15076.0
2017,5,57979,30049.0
2018,5,58278,20589.0
2019,5,54521,24881.0
2020,5,39846,18022.0
2021,5,31350,8748.0
2022,5,41773,12896.0
2023,5,60542,21379.0
2017,6,60084,33949.0
2018,6,56783,24461.0
2019,6,63372,32916.0
2020,6,41315,20730.0
2021,6,29894,9799.0
2022,6,38708,13583.0
2023,6,49497,22440.0
2017,7,46735,23563.0
2018,7,51968,20991.0
2019,7,68714,38066.0
2020,7,41271,18822.0
2021,7,28280,9423.0
2022,7,37463,11529.0
2023,7,46615,19097.0
2017,8,36454,14463.0
2018,8,47282,17353.0
2019,8,53664,23333.0
2020,8,38265,15566.0
2021,8,27312,7914.0
2022,8,33821,9083.0
2023,8,42993,14911.0
2017,9,28515,9826.0
2018,9,42633,14660.0
2019,9,47830,19411.0
2020,9,37462,14549.0
2021,9,25353,7072.0
2022,9,29370,8022.0
2023,9,33579,10557.0
2017,10,42199,17074.0
2018,10,47468,17073.0
2019,10,51553,24175.0
2020,10,36283,14572.0
2021,10,27643,8830.0
2022,10,31232,10467.0
2023,10,36768,12709.0
2017,11,48095,25057.0
2018,11,44155,17798.0
2019,11,52261,23529.0
2020,11,38115,15854.0
2021,11,32977,13733.0
2022,11,32008,12353.0
2023,11,39372,14968.0
2017,12,47066,24853.0
2018,12,44563,18443.0
2019,12,52642,22591.0
2020,12,33094,12930.0
2021,12,35283,14688.0
2022,12,36480,15796.0
2023,12,37737,13830.0
